{
	"info": {
		"_postman_id": "03cc4280-bdcf-495d-86fa-6d20c33d4800",
		"name": "Checkpoint-1",
		"schema": "https://schema.getpostman.com/json/collection/v2.1.0/collection.json",
		"_exporter_id": "27404282"
	},
	"item": [
		{
			"name": "Atendimento  Ao Cliente",
			"item": [
				{
					"name": "Registro",
					"item": [
						{
							"name": "Gravar Registro",
							"request": {
								"method": "POST",
								"header": [],
								"body": {
									"mode": "raw",
									"raw": "{\r\n    \"texto\": \"O cliente relatou um defeito no produto XYZ.\",\r\n    \"ticket\": \"ID_DO_TICKET\"\r\n}",
									"options": {
										"raw": {
											"language": "json"
										}
									}
								}
							},
							"response": []
						},
						{
							"name": "Consultar Registro",
							"request": {
								"method": "GET",
								"header": [],
								"url": {
									"raw": "http://localhost:3000/registro",
									"protocol": "http",
									"host": [
										"localhost"
									],
									"port": "3000",
									"path": [
										"registro"
									]
								}
							},
							"response": []
						}
					]
				},
				{
					"name": "Tickets",
					"item": [
						{
							"name": "Gravar Tickets",
							"request": {
								"method": "POST",
								"header": [],
								"body": {
									"mode": "raw",
									"raw": "{\r\n    \"atendente\": \"64f7db2f677936f6b526c82f\",\r\n    \"titulo\": \"Problema com o produto XYZ\",\r\n    \"telefone\": \"123456789\",\r\n    \"identificador\": \"TCK001\",\r\n    \"cliente\": \"Maria Oliveira\"\r\n}",
									"options": {
										"raw": {
											"language": "json"
										}
									}
								},
								"url": {
									"raw": "http://localhost:3000/tickets",
									"protocol": "http",
									"host": [
										"localhost"
									],
									"port": "3000",
									"path": [
										"tickets"
									]
								}
							},
							"response": []
						},
						{
							"name": "Consultar Ticket",
							"request": {
								"method": "GET",
								"header": [],
								"url": {
									"raw": "http://localhost:3000/tickets",
									"protocol": "http",
									"host": [
										"localhost"
									],
									"port": "3000",
									"path": [
										"tickets"
									]
								}
							},
							"response": []
						}
					]
				},
				{
					"name": "Atendente",
					"item": [
						{
							"name": "Consultar Atendente",
							"request": {
								"method": "GET",
								"header": [],
								"url": {
									"raw": "http://localhost:3000/atendente",
									"protocol": "http",
									"host": [
										"localhost"
									],
									"port": "3000",
									"path": [
										"atendente"
									]
								}
							},
							"response": []
						},
						{
							"name": "Gravar atendente",
							"request": {
								"method": "POST",
								"header": [],
								"body": {
									"mode": "raw",
									"raw": "{\r\n    \"pessoa\": \"Gilberto Silva\",\r\n    \"identificadorDoSetor\": \"Suporte Técnico\"\r\n}\r\n",
									"options": {
										"raw": {
											"language": "json"
										}
									}
								},
								"url": {
									"raw": "http://localhost:3000/atendente",
									"protocol": "http",
									"host": [
										"localhost"
									],
									"port": "3000",
									"path": [
										"atendente"
									]
								}
							},
							"response": []
						}
					]
				}
			]
		},
		{
			"name": "Servicos Internos",
			"item": [
				{
					"name": "Departamento",
					"item": [
						{
							"name": "Consultar Departamento",
							"request": {
								"method": "GET",
								"header": []
							},
							"response": []
						},
						{
							"name": "Gravar Departamento",
							"request": {
								"method": "POST",
								"header": [
									{
										"key": "Content-Type",
										"value": "application/json"
									}
								],
								"body": {
									"mode": "raw",
									"raw": "{\"codigo\": 1, \"nome\": \"Recursos Humanos\", \"setor\": \"Administração\"}"
								},
								"url": {
									"raw": "http://localhost:3000/departamento",
									"protocol": "http",
									"host": [
										"localhost"
									],
									"port": "3000",
									"path": [
										"departamento"
									]
								}
							},
							"response": []
						}
					]
				},
				{
					"name": "Pessoas",
					"item": [
						{
							"name": "Consultar Pessoas",
							"request": {
								"method": "GET",
								"header": []
							},
							"response": []
						},
						{
							"name": "Gravar Pessoas",
							"request": {
								"method": "POST",
								"header": [
									{
										"key": "Content-Type",
										"value": "application/json"
									}
								],
								"body": {
									"mode": "raw",
									"raw": "{\"nome\": \"João Silva\", \"documento\": \"123456789\", \"endereco\": \"Rua ABC, 123\", \"telefone\": \"11999999999\"}"
								},
								"url": {
									"raw": "http://localhost:3000/pessoa",
									"protocol": "http",
									"host": [
										"localhost"
									],
									"port": "3000",
									"path": [
										"pessoa"
									]
								}
							},
							"response": []
						}
					]
				}
			]
		},
		{
			"name": "Departamento Pessoal",
			"item": [
				{
					"name": "Consultar Departamento",
					"request": {
						"method": "GET",
						"header": [],
						"url": {
							"raw": "http://localhost:3000/folha",
							"protocol": "http",
							"host": [
								"localhost"
							],
							"port": "3000",
							"path": [
								"folha"
							]
						}
					},
					"response": []
				},
				{
					"name": "Gravar Folha Salarial",
					"request": {
						"method": "POST",
						"header": [
							{
								"key": "Content-Type",
								"value": "application/json"
							}
						],
						"body": {
							"mode": "raw",
							"raw": "{\r\n           \"codigoPessoa\": \"ID_DA_PESSOA\",\r\n           \"salario\": 5000,\r\n           \"codigo\": 12345,\r\n           \"departamento\": \"ID_DO_DEPARTAMENTO\"\r\n         }"
						},
						"url": {
							"raw": "http://localhost:3000/folha",
							"protocol": "http",
							"host": [
								"localhost"
							],
							"port": "3000",
							"path": [
								"folha"
							]
						}
					},
					"response": []
				}
			]
		}
	]
}